{"cameraMode":{"drawMode":0,"name":"Shaded","section":"Shading Mode"},"sceneLighting":false,"audioPlay":false,"sceneViewState":{"showFog":true,"showMaterialUpdate":false,"showSkybox":true,"showFlares":true,"showImageEffects":true,"showParticleSystems":true},"in2DMode":false,"pivot":{"x":2.7547671794891359,"y":2.4242658615112306,"z":-0.5562046766281128},"rotation":{"x":-0.07963024824857712,"y":0.1766800731420517,"z":-0.014342614449560643,"w":-0.9809370636940002},"size":14.256945610046387,"orthographic":false}