{"cameraMode":{"drawMode":0,"name":"Shaded","section":"Shading Mode"},"sceneLighting":false,"audioPlay":false,"sceneViewState":{"showFog":true,"showMaterialUpdate":false,"showSkybox":true,"showFlares":true,"showImageEffects":true,"showParticleSystems":true},"in2DMode":false,"pivot":{"x":-12.010497093200684,"y":3.7219138145446779,"z":3.581151008605957},"rotation":{"x":0.011578395962715149,"y":-0.9220818877220154,"z":-0.027670765295624734,"w":-0.38583070039749148},"size":12.415383338928223,"orthographic":false}